name,mode,timer,pin,x,y,z,qx,qy,qz,qw,theta
Material Room,Auto,1,Up,2.124971628189087,0.48285871744155884,0.0,0.0,0.0,0.018486379867832522,0.9998291122783844,0
Line1,Auto,1,Up,6.83576774597168,0.8523719310760498,0.0,0.0,0.0,0.010664494646766356,0.9999431326600174,0
Line2,Auto,1,Up,10.580463409423828,2.923154354095459,0.0,0.0,0.0,0.0002241885212562457,0.9999999748697531,0
Line3,Auto,1,Up,12.538687705993652,6.343074798583984,0.0,0.0,0.0,0.7042478751252942,0.7099541748461714,0
Line4,Auto,1,Up,12.770132064819336,11.965853691101074,0.0,0.0,0.0,0.6989214566912008,0.7151984321687583,0
Line5,Auto,1,Up,14.191231727600098,17.215639114379883,0.0,0.0,0.0,-0.0032417091108944388,0.999994745647216,0
Line6,Auto,1,Up,17.082490921020508,12.518918991088867,0.0,0.0,0.0,-0.7000004134670529,0.7141424375752746,0
Line7,Auto,1,Up,17.013290405273438,6.689674377441406,0.0,0.0,0.0,-0.7045635293782191,0.7096409184017699,0
Line8,Auto,1,Up,16.910982131958008,3.07582950592041,0.0,0.0,0.0,-0.7171956200249759,0.6968718982833145,0
